id,prediction,true_label,confidence_score,prob_not_hate,prob_hate
0032598b60926b5b9319a6f7c4e67afa964beb7a401d0164427aae329e3e510b,0,0,0.9409531,0.9409531,0.059046976
0055e8f09c206b552a3c2cc26569975a44e69802e0e7339ecc9cc6d90b192acf,0,0,0.944439,0.944439,0.055561
00572072ea771168e57c54cd45bc78574575f37fa0fa48a74348956adefb817a,0,0,0.94413775,0.94413775,0.055862296
006a3251279b42cdd9746f0d75267b26ba6d8bc32b1dcedafd531e4299ff08b2,1,0,0.7467039,0.25329605,0.7467039
012f8939dea01ae1720807f55b7d78833cb0222785225baa2084228620d2339a,0,0,0.9473105,0.9473105,0.05268943
0176f4be7d61d2f04e5f83767b7b17a9b220809493fe3b2f323197f53353576c,0,1,0.8571186,0.8571186,0.14288138
019f96e948b68760f8ce43d77e2d1d3c94399598088387b746ea9b81cdac1a5c,0,0,0.9416188,0.9416188,0.058381148
01f2803c278f72896669e0fd9b9989489ff2a4e5de2789db2c58cbf853601a1f,0,1,0.9428822,0.9428822,0.057117794
0204a0adbc8613ecfcc7647d21dda77ef5177589a4f3227bf89bf78202970eee,0,1,0.94095933,0.94095933,0.059040643
027585b207e5644a5c78c9ebbdeafca71d506212ff588160d5a0e59ff08128f3,0,1,0.9179082,0.9179082,0.08209182
030e0a74faad3f3e2e3fe2c253c374c82561eead5f47be10b8363fab66c60248,0,1,0.9274013,0.9274013,0.072598755
040bf3a4da427dea1768c4098bae9fca1d82cb5a409c0f9b3d74cd720e040f6d,0,1,0.8158467,0.8158467,0.1841533
0458dd67a351a5c90677c5693e09de57d6f33b606b72c3211859dd77e5f664c0,1,0,0.8116616,0.18833835,0.8116616
04765c85406b29b1f2949f1fbcd4c4fc5ae5242d6f84cb26e611584284cff0d9,0,0,0.94051486,0.94051486,0.059485137
049271c0bd65cbbb6f33384d20b39affe60cf0f45bb0f37bbbaaa94862688ab4,1,0,0.85226566,0.14773436,0.85226566
051833afb2edf13f28434c8fb0d7292aef017b9752a770376bbd3f93362cb22b,0,0,0.94568455,0.94568455,0.05431547
07adad6be6afa5c4b893c4f72bf29bc5266aa1bfb4e0b1ffc27758061a1504e8,0,0,0.9425039,0.9425039,0.05749608
07c3edcec52ef4bf9c5bc4ad87558cda1ae0bd7b678fb196ac84d2f516924b24,0,0,0.9416069,0.9416069,0.058393132
0846f32b1a625707e82c29ce93b13bf3d26ddf300e452fd5ce087ce6a3bee0cf,0,1,0.9084623,0.9084623,0.09153772
089d555534c7e1b75b888d4fff3985d5435a44ef5adbf32b722bd673faf779c1,1,0,0.76416665,0.23583338,0.76416665
0aabd8c324f41f17aa5a56f7ddaf8f21636c1f347738900d9e0d523298998fde,0,0,0.942268,0.942268,0.05773198
0ab1a1ad817daa0378928d5ea1489c2b2f3be3d1bc92e7c8e1f779f14685f1f5,0,0,0.9363891,0.9363891,0.063610904
0bf5392f72b65d62e5941215085a7331c479e356e36c8b9869d77f60323e6310,0,0,0.94448483,0.94448483,0.055515245
0c00aeb1baed00fb71619f90a9589e64edfc2f8bd37761fd1235485c8a6189cf,1,1,0.7599392,0.24006079,0.7599392
0c3bfc4f4f1f33c4ced18595ca321cb722599511bace510d74fa4a15f1586b61,0,1,0.93617123,0.93617123,0.063828774
0c7ab72ae6acf87e015a838efe606689d4d207d3701132f1ebd692b7eee267e4,1,1,0.8353096,0.16469039,0.8353096
0e1425f08375c6d009dd12b6615048574321b2e1a0ccfece9b66ebc15da7a33a,0,0,0.9423151,0.9423151,0.057684917
0fa5b654a253fe39c0865d8d60b8c1f1d8ace1f5ce41196565dd4d775bccbb2a,0,1,0.7135072,0.7135072,0.28649285
10136ed17b359fd13d2d2de88f412166b3ad62ee848e4ae53d359f81ae2f5a64,0,1,0.93535084,0.93535084,0.064649194
10ce6d09b0b3c7592cbf87158f88af127dfd7bc3150a200469ebb647cd968c0c,0,0,0.9397992,0.9397992,0.060200766
11cd6f84acdbb7cd7df145d742fa7ed44de63707d1d30aff6db07ce323753921,0,0,0.929892,0.929892,0.07010793
1225a59565587660574f2872faabe8b186d95c97c583ddb0378c2522681def38,0,0,0.9407579,0.9407579,0.05924219
124cdb04306e7749376291a4564082e28491bbf9b6b9dd08338eef851048b3fb,0,1,0.94060314,0.94060314,0.05939691
12c8ae50599f5854482f45512c640e5a284b273ba99b2e742ebf1c109757fd7d,0,0,0.9444495,0.9444495,0.05555045
135d4d1ba3ca441db1439ba0eb150f8e340c98a4c4ce7d1cfeefecca7273986c,0,1,0.8875692,0.8875692,0.112430796
14c1293f407c9f9f1279491533e0e3fe0ea1c8d6f19a427a08fb5ca6fd4aec2c,0,1,0.9384154,0.9384154,0.061584614
14e749ff022e5cce7dd285753355abae6ed95ef24e181ee9cd7dbb4ba6a22df3,0,1,0.9164209,0.9164209,0.08357912
15184f4995d6fb06569cc47b50d4da9200fc6d8ff4d4f059233217b5dc071e7b,1,0,0.7721951,0.22780487,0.7721951
15837789bb757134dad0f5960ed13e00b38d1eac4d6132237dc593843c3ad5b4,0,1,0.83544683,0.83544683,0.16455312
15909790426e09165abe8946eeadfbabbd50ed4ad5b511167876268a98c1753f,0,1,0.93514854,0.93514854,0.06485147
159510d7e586aea751ed27ff3563530b846b92b5d376d668745644d8610d60a8,1,1,0.8404428,0.15955724,0.8404428
15f28117ae249e8f111615589f2a6922ba46bbf17a698963db4061debdb8bb11,0,0,0.9464213,0.9464213,0.05357866
181eba933316ff333dad6704a2614cf96fcdce6be2076605c516cdec968dac8d,0,1,0.93482447,0.93482447,0.065175496
185f874f3e7f665f552ed659200cd6e7dd5b48c815cb5e17efa43783c5922b32,0,0,0.90012455,0.90012455,0.0998755
186b06a3fa79113aeadf8dc05cb7287cab04a5560f985ead42820f6420019066,0,0,0.9435268,0.9435268,0.056473184
1a7545fd50c3ce1bc04ef25684f0a53c8c3784cfafcedc6188be2b08e11d4f15,0,0,0.9417944,0.9417944,0.05820558
1b78933b0edb2f0b5f8992cfdff7822021bb8af1c06e12ae5e935df92f9974e0,0,0,0.93944746,0.93944746,0.060552556
1cf6cb5b8b6a3541650e3994b4ee188f78124a0e6a800ef0e8d332af89bcddfd,0,0,0.94185174,0.94185174,0.058148306
1d5ebfb6b6624d2ca20934c7385900b3f69c34ade8bc0207f12c715bb510c5e6,0,1,0.9444093,0.9444093,0.055590704
1d618434686cbbe7e8c868e2cc7ad70321bf5299adf16a2c3a94032c0d7de6bc,0,1,0.9245043,0.9245043,0.07549572
1dae4f4852460137762e9ae791a2cf3d92d67fcf8b9a64d13973e03a333a59e5,0,0,0.9454227,0.9454227,0.054577302
1e6cfebe42889817ab43646c743aa48ab257f43e867616bb5d74f18012d4428c,0,0,0.93967927,0.93967927,0.060320724
1e90cfefa9c3577e7b8ec72f66d1920fea2fe55b91f511426dfe957b645cbb36,0,0,0.9472549,0.9472549,0.052745067
1eaedd40c8853416517f078657148cce52a10a717c3207a322f1e8b70a9704d0,0,0,0.9357109,0.9357109,0.06428914
1ebae4898444b61ccfdc7a8cdfb3ee68ce846c648a8cb764ea0b0c3a9f6d0751,0,0,0.9335729,0.9335729,0.06642715
1f906d0a26bdc20d1dd126e47e7888ccb2b07732e3a578234b40570e54f4d2ef,0,0,0.93971556,0.93971556,0.06028437
1fdaa2f73e7f44605c9e02eb628b4cfa852d6036bb4b37c7276db1bf8bcf5625,0,0,0.9448129,0.9448129,0.055187177
20028123e9934e47fd80de5ec6891cd42040c178d0857407d88f53a982c062b8,0,0,0.9387353,0.9387353,0.06126477
203c1d91f4d9b3563f55faca142e3f386fa1ce310a44eb21bc545e624b4f12e3,0,0,0.93851686,0.93851686,0.061483186
20c91debc6b01688ba3ac49dc39e2732a2d0d778b3e0b360c45098da7034797b,0,1,0.9466504,0.9466504,0.05334963
2173704d0b2906556a7851264be863e1dcb0ad804655f15ab15a4be19a1482e2,0,0,0.94166553,0.94166553,0.058334474
22045a616b1388b0ebccd32d0b612d610ea99eb60d75db2f2ccf5214a49b06b2,0,1,0.94421613,0.94421613,0.05578389
227e999e65224249587c84b7ae20d6ead1ea7c7312f8818835c0223ac028f198,0,1,0.8643115,0.8643115,0.13568845
22bd527d3193f6264f673df0bfcd29aeb96786104fd62c9569560c4277493315,0,0,0.91697836,0.91697836,0.08302158
22d8c9f86915c0b444aa0ac962927f98ef2a9cbcf889981363d3a05ea1aeb240,0,1,0.9429366,0.9429366,0.057063416
22f0b3cbdc5fdf3f1af763f8da3bdf5b9f1a0255f1871a81196f9b1434db4c57,0,0,0.94559896,0.94559896,0.054401007
2381e371caf4e505672b42cf58b2ecf776e6969cf50922ea8675fa94e8c6cd98,1,1,0.68416595,0.31583402,0.68416595
24079bfcd86241fb98dde68dbf94055c44c6a64332c557b95b99889f6367b80a,0,0,0.9399067,0.9399067,0.06009336
24362efd1991745775836ed8a11a24007fada6b0351bb62e62602d02e30f48d5,0,0,0.9394175,0.9394175,0.060582533
247a5c08500dce38a73657351635d1ef750742e2b0e539b5ee646aae140af29d,1,1,0.8354504,0.1645496,0.8354504
249a31a175d8fec0c39e765e45740befa6974f2785d5e2bcdb28032328d457b4,1,1,0.808519,0.19148102,0.808519
2547c3e68ba4185a7bbdb63849593012a20048826fc6ff7c3e184c3de9fb8a61,0,0,0.9342532,0.9342532,0.06574681
25a00959686e8e5404ba9a53f843c5a560f58eeb7d370402f670e74be5fa9c2a,0,1,0.934071,0.934071,0.065928936
2690384a76f722a719f93a3e6ecfa59b13459b42632c08a3ea4bdb5a42fa2b28,0,1,0.9326821,0.9326821,0.06731788
27001febdc2f709cc3a512130012d6f7164837ec645abe93fd09bfb2562abe26,0,1,0.945029,0.945029,0.054970942
27105e91b43cd2b13816226f5b12d405f320309222725517f9f76a8ef195dfa9,0,1,0.94022244,0.94022244,0.05977757
27cd6bb01c697d4eebb210b225a6c2ba5344ff2e5e710f76bcceec48075b37c7,0,1,0.9136867,0.9136867,0.08631331
2860b2c3084e7cdf3fa7b65ce91756e5c1c58c1ffa258f686bd215f79fa03064,0,0,0.9406939,0.9406939,0.05930602
2915f49d854a06748d4be4abb410e780b95c6212e26b275e45f333af4b7f55ce,0,1,0.94254965,0.94254965,0.057450317
2942e67ec9a04972b3cdeaeaaf524b1c48891d5d3d43514d2025e1fd50955341,1,1,0.85062313,0.1493769,0.85062313
29438ad67fb00aabc32414c15d679f0aa1d958e93479c3eddd138788cfdc77d4,0,0,0.793283,0.793283,0.20671706
2979e82ce59da2bd9c1ebcd71c25b68e57ce5e633a40e269ee2787b359d72f2f,0,0,0.9440543,0.9440543,0.055945702
2a069f166051441b504f924bf2ba623bec416bf9e939f0e60f40871dc9a04715,0,0,0.94365597,0.94365597,0.056344014
2a3d080a5ebd612946ef65c616a43ed653cc272943ef99c3668738a182d3920c,0,1,0.88191974,0.88191974,0.118080266
2c0537588187ad52020a872e279ccd63136b310681bf5458e001b7c1afb20d8c,0,0,0.94494355,0.94494355,0.05505642
2c2a6b97e3c0e8fc09b3953d98e586ee41eb9aff3b49a5e4c2dcb95ced6f938e,0,0,0.93944323,0.93944323,0.06055672
2c38495e38fec28238d25864bfc88763647c1bfd232c2f62334ea1b65139b5a8,0,0,0.93753225,0.93753225,0.06246782
2ca1af32c0f2edcfda9c1bb058030d4796ebb3b1a49c7a9a9595f6131e1cc0fe,0,0,0.943881,0.943881,0.05611901
2cb37256d332b54d5f57aab79a444f2c5a9e2c73b12050a5207a0494e7b300f6,0,0,0.93757385,0.93757385,0.062426228
2dc5378bc69b74ee8e07ef0294125f325a832e13e54898483c027602c9718ff7,0,1,0.92374146,0.92374146,0.076258585
2df39d4311291079ff706b9ea4a65a88f1fb93acb3e408ce4f774c6056155cc3,0,0,0.9126702,0.9126702,0.08732985
2e1a0d40a699d942bd50147b632c3f53561aa53dba0d7ef532435b09ffe4ceb9,0,0,0.93859065,0.93859065,0.061409336
2e47aa3328f33cdf61641edee366577d0dad467cbf1ffb048270f8dbd5cea2e1,0,0,0.94606054,0.94606054,0.053939514
2e927bce6650bec9c519a504c5731ceb2f343705ef9d73f98b28b1b2db62f2f9,0,1,0.942548,0.942548,0.057452008
2ec04d9a51f07e1cc1e6dba4c470310b7a4267fc11c3d2972e0e69700af391d9,1,1,0.8366497,0.16335027,0.8366497
2fb4545f14476fe99dc50fbfcf78760a2469166a41d892fe5bb8a51a2691e734,1,1,0.8415498,0.1584502,0.8415498
300c3752797b6ea16d56370d6ac2f5cbf23c08f2dc4102cf84c16cbc902e6f60,0,1,0.8496893,0.8496893,0.1503107
30100748345b6a971fd09b452ab6755caf17b4fba8470b7485b16af43155ba0c,0,1,0.922973,0.922973,0.077027015
303ec950187dfe90e8c43dcfa234178af4daa2ce85d7842b5a97acacac517618,0,1,0.91380906,0.91380906,0.086190924
3043e4700b765b625bc6b6bce180ff9d8f869f4a5835c80ef7cf562d41a1a0db,0,1,0.94549227,0.94549227,0.054507762
314fc9085217daaea156ecfeac7f20283519fcf3f5765ff0b7c5b0c04190862d,0,0,0.944218,0.944218,0.055782065
319bbd50f17c107c9e2ed6df020c3fc7762797a108c9fbe2556a9fb34934ba7b,0,0,0.94012946,0.94012946,0.05987055
326215d8bd480159052840b6ddc6311b6afe86068ac82fbced781cc1f6bd66ce,0,0,0.9408906,0.9408906,0.059109427
32daa14186b4716af0cbbaac9792c03f04d7dc6cce45ee12dc33be0d308a3fef,0,1,0.94085956,0.94085956,0.059140403
33824a0a2619864c844525444d04936beef1ea98836a5b2e197519fac73fcf6e,0,0,0.93643606,0.93643606,0.06356398
33f4f93a2e8456c23e66216a7fbef6084fbb3b9cd4bced38afeef1964de4ab01,0,0,0.92423856,0.92423856,0.075761445
34886c12dc802c984133f1bce998e4dc09cf0c9e469b48a5f57fa2ebf1d83e36,0,0,0.9470421,0.9470421,0.052957874
34964cbf4566129ef656cb4b14d318ecddf87d37b81cdd945a1f2dc05ed8717c,0,1,0.9419027,0.9419027,0.05809734
34fd580d1d377cfc7e0ace89043f570e2898865514d583129aca9f4876e0f43c,0,1,0.9439072,0.9439072,0.056092795
3555e1827413237d353fab34f3c8e7971d15d5b7abcaec9a3873f0610c3eab69,0,0,0.94523555,0.94523555,0.05476443
3626bb296beb85a32c1fcdc2d961c58e45570bc69970b61759c92d092c4c6474,0,0,0.9450646,0.9450646,0.054935385
363187a3cf1b43eebfb04c9392de4ddb24a7e74997d9c696adb5b20379fe8d6c,0,1,0.519671,0.519671,0.48032895
366f2c9055e0980757d3f1f1cb8011de5aa26b0425d864eee55ed9614f05ad4f,0,1,0.94248873,0.94248873,0.05751128
37af299fb024aed21c0a3a03aff00455cb589d4bcf6a4a93a659cd2ac8801c2f,0,0,0.94762975,0.94762975,0.05237025
388d60ae7451d5fd9ef8a651ed721e0d10bcc4ab128b9e328743d39da317df30,0,0,0.9435305,0.9435305,0.05646949
38e879b1903545dcb438d1ad10d0a13666f7042b4a9634bdebde8e27d87f9dd3,0,0,0.9363867,0.9363867,0.06361327
392e26f48d25c69da26e34432949ae8d11c27c7a4b62e6fd23c6ce14dd230b25,0,0,0.93305016,0.93305016,0.066949815
398c96f144c2d2d85e304fceb177c9e3c7c5bffb491be76a2fd68879e2a6bf06,0,1,0.9416868,0.9416868,0.05831326
3a0dd84ddbeb24038a64b3a559036623fc67c0b1625cad5c9cc3d515e570e8a4,0,0,0.94022703,0.94022703,0.059772916
3b552e08092433279750bed80f4ef3bbfe8ae2c6f28c2d69057a2ad64efecd16,0,1,0.9459482,0.9459482,0.054051846
3d28c119ac6bde40ca6fbf32c040f70b1d4022976e03e5fc97d8052355ae2f83,0,0,0.93821126,0.93821126,0.061788715
3d67df37edf5d43d8824aa9b02b81e55214b5a1f580fd4bc2882f96fa8995368,1,0,0.84937537,0.15062466,0.84937537
3da8461d29515eeaa3a4a6b7c4faa1bfbaf9880a0697776d6de2c86ae85f4201,0,1,0.85640067,0.85640067,0.1435993
3dee93b243bfc0fe673a8f237d753e2cce7e6c29321e8dacab457431b04a1d66,0,1,0.9448448,0.9448448,0.05515523
3ec0d5a29acd287220b2870a6aa90f24461873ed0466a4020e12cd38ec58dad7,0,0,0.92993224,0.92993224,0.070067756
3f24c11c5fa5bf60fc123cce90cb12128284548769eef08e7eb47df906c71138,0,1,0.93867344,0.93867344,0.06132655
40bddca1005081abc1e46b03c87a117ba28646ba9ca96983f1a78aa95ca7875c,0,1,0.94219714,0.94219714,0.057802856
4122ab1fb7207fde00a7a5325d631e5527ec1279ff55a02119e9bf0d46707330,0,0,0.94607896,0.94607896,0.05392099
4134f5e817315053dedc6f7518719ca8d118b409a3c218ed656163a0ac05167f,0,1,0.91865486,0.91865486,0.08134516
4173240c99d4684527185e656329517a3e4a879002cafa8a6110b016b284cd3a,0,1,0.9374725,0.9374725,0.06252752
4271ff2c63a7f8f4689168644f49a2363f682c8e03cb2c703d131fa6b4086f38,1,1,0.5423512,0.45764878,0.5423512
429dcf7439fd7d69cb56aeed866068494b39ca3d3e4058ca34d186f14a0f1e68,0,0,0.9435305,0.9435305,0.056469545
436ea261d8931861c7cb411f24b4d6d2e3cf0789fc9bfb9e1389710efaf47662,0,0,0.94251037,0.94251037,0.057489607
439249fd44c9bc63f1d340b14db837ef01a296f253bbadcb99511a788118f667,0,1,0.9143253,0.9143253,0.085674725
43ef9646a101c86a70ce33dba699dc674d8e0b9cfd6d578d4889f65e6465ae69,0,0,0.94588524,0.94588524,0.054114703
4467374f881ef3b50c877da91057a578d232b6e1ca20bec3bd2f988f84f97763,0,0,0.9454974,0.9454974,0.05450265
44f7cdcfc8ac97b0fea2410398e4c08bb907e69c8bf71b9d642b4648bad86d09,1,1,0.82102364,0.17897634,0.82102364
455c6fcbe227ff45bcd1bee7a83bd248a3acef7fd2b27a9486201747d537bd3a,0,0,0.9374595,0.9374595,0.06254052
464f3ed7248f1d5d6c1ffa310d33f47c2f87b99c9c8dfd0b88907f44413cd66b,0,1,0.92744786,0.92744786,0.07255218
4668e035ebf6b45ad8f6cd8a537391f29c1e616e24e1b0da30377cb16e82cf15,0,0,0.9431326,0.9431326,0.056867436
46bc1881c79d23d63264f8d11c3f8aebf26a3a4660791ff030381cfa75558b5d,1,0,0.72520965,0.27479035,0.72520965
4713ef127620b6495700a2add220faf68c7064098fc4804e4ecca3f59f10c659,0,0,0.9394834,0.9394834,0.060516566
4731fc6dfd3adbd437c8329164b24cac819b1f4e4e7b460801911cd233beaecf,0,1,0.9405277,0.9405277,0.059472322
477f6821f2b36098e7d96ea5c3e5a6774164486cbf9defcace09c347e10c8cc2,0,0,0.8507624,0.8507624,0.14923759
47928987d62780d8c0c4cce33e5f79346c75b6d4b805f2989899e9796eb358bb,0,0,0.9404094,0.9404094,0.059590645
47db2c9245c5e39175ca614f4582fba2a82420ce5ae790d323c6fe985c2a9e73,0,1,0.9242265,0.9242265,0.07577345
489991b5981e876a39063784c87db45a54a6e85f43213621cc9fa48dc235e8cc,1,1,0.8241253,0.17587477,0.8241253
48d06177c6736d23e0a57454f113eb3c06c8ea54bbc5f78d7985c0c643fb15dd,0,0,0.94484204,0.94484204,0.055157945
4a0587e271de8df35d113c6788136a843b3ce218f587803a97067db553e764e6,0,1,0.93840075,0.93840075,0.061599325
4b7abbac49865e0a12cd0bf6f365bae7f601f07f91c6ff16670f167e7410e7fe,0,0,0.94616807,0.94616807,0.053831913
4bcdbb950664c7257d13b2df2be44399260217f2ad1f913c6951d7d948fc3fe8,0,0,0.930673,0.930673,0.06932701
4cd3db6f137485e0ca81892463539fe32eec1b481779374a563d87c45267d201,0,0,0.9358128,0.9358128,0.064187184
4d22e7f5a88462fb9babf84ff326014def90a366879821b00bc580d766e4d6c8,0,0,0.9340337,0.9340337,0.065966256
4d9a2f2a7e0858b8cfdc7cc49fd4b597ce5e7cee5d4884b45d7060d2c97f5f5e,0,1,0.85512674,0.85512674,0.1448732
4e4ec9ff2b0ae3b7b5564004f0622709f3f0a7302e0f5666efbc876e3c95ec2c,0,1,0.9426149,0.9426149,0.057385135
4e59e6bed286def254ef6bb772c5582433b6107ca49b960117af9e95d254735d,0,0,0.94308734,0.94308734,0.05691264
4e8773fca5ba945dc0fe38b27b79900b28d519b87cec19bcaf1a878a774d626d,0,0,0.9438958,0.9438958,0.05610421
4f225b005da9cb5ec0526dfc2fde40b9661618b0b68fa9687471ce638b88e169,0,0,0.9436822,0.9436822,0.056317814
4fd414f77c33d42b7e108a69d9e0d69271577914f4538044e8db337a581f85c4,0,1,0.94520015,0.94520015,0.05479986
51bc18d6d7cfa1b12088ddb9506156abad126f3c9c28d8414a1ac6b2166517fd,0,1,0.9385392,0.9385392,0.061460778
533699caeb64e19e535c6a7718f2d34e951ee4c2e72aa0c5daa918bb2425adc1,0,1,0.92503166,0.92503166,0.074968375
5424c72a878ffb89a199e25b76fb15be6f6b0322e4e301ee720bfcaa901298e0,0,0,0.93408996,0.93408996,0.06591005
5436646dd459ccd79382046d978fce0225d80fbf1cd2054fd4b5cffd80693714,0,0,0.9152,0.9152,0.08479996
547c72faba7e244d49e8cdc09cdfbf17466adf2f7848a39e8171f7a8aa212076,0,0,0.9438587,0.9438587,0.05614131
54e9aae08412395250d1f447db43a9138986149a208bf446d27d7b5ad331b5ce,1,1,0.7974023,0.20259763,0.7974023
5533d4e7dbc361517ff5d7de8cabe69cd8208b571aea6489fa681fd9735b8ff5,0,0,0.94321406,0.94321406,0.056785982
558cf5668d72112dd3381133b9cea00e052a31ae68e0511a069b937b8e92f6c6,0,0,0.9129765,0.9129765,0.087023444
5608dbd2dfd23dd377b714673f4b314fe77faa170c6c946d95cd117ea96f08bf,1,1,0.7842814,0.21571857,0.7842814
560b8996f188587e7d150bc99dd71bf923bbd9574cbb771d74ab40415ddb4b41,1,1,0.69637346,0.30362654,0.69637346
56100b8e1fa90cb01a0684be1cccff3eb26541354be994f8ac8b8abd91eac5bb,0,0,0.94186443,0.94186443,0.058135588
57293395acb2ad846e5edf114bfa79ba8afbe31dfea25d093c36d7845e7490be,0,0,0.9358515,0.9358515,0.064148456
575943e80ca7b8c847142168b31eede78d491d68eab141ef8ebe44bd7058ab1f,0,1,0.9252657,0.9252657,0.074734256
58127505c9859effc16e2352d3cdbf474c8a6d0cc9dc844bd22a13d6b9f5cde8,0,0,0.9446256,0.9446256,0.055374373
581f8075a6bb3d0e4197d1d8280c778bbe72f9edb293d5f0f6d57858002a4de8,1,1,0.8531693,0.14683072,0.8531693
585f8fe26270ea3958b3d25cd0717f4993ab71a620d42aaae72d27990bc79205,0,1,0.9359487,0.9359487,0.064051256
594e926494185707c911f5f5cdbe3dcbf67143de5fce24bf2e0b82da7a013006,0,0,0.94441324,0.94441324,0.055586766
59948d76d9ac024643883b0cd72afa2cbc7d3e76b6f9e80dceaa832f2a54a8d3,0,0,0.9371667,0.9371667,0.06283333
5ac9de7326b7e2ea84bc13f2a363f71a6f5a039633cadd574df4cea1ec6f3a02,1,1,0.8266207,0.17337935,0.8266207
5ad99942f36645b536faff721aab347302db5111b3c68e1a1b460aecb830911f,0,0,0.9404228,0.9404228,0.0595772
5b36a652da337012a2bb767d73fb56d5b2b8a6f142ef23cf087775830c97cd7b,0,1,0.92339504,0.92339504,0.07660502
5b59cea744a509a1dfb391c5d6e8aba227593b2ff0e43e24467aad7c075b6fad,0,1,0.93965304,0.93965304,0.060346898
5b65cd49f74ad0f8b5ac97c623cb5815354e2a6350698c0518559816b1abd718,0,0,0.9272878,0.9272878,0.07271223
5c0eac46f8cacd83dc2a24b048ec76395fd5a4edc00486d3d47e6ec2a0682d4f,0,1,0.9207384,0.9207384,0.079261675
5c5d87e2c6406d39182685f309d780af9f0651a0d9a9f918f07dc41215102937,0,0,0.94706666,0.94706666,0.052933373
5db7610090dc214d9f5c109dc9d0de3027da9cee08b4e0521f80354dcd66d54b,0,1,0.94263333,0.94263333,0.057366695
5e2464ba0c87eca39c10d1a145a4a37e70c26799d2720f51e30a43296d092d60,0,0,0.94521177,0.94521177,0.054788247
5e3458b566610c96158829b2e1245aa04d190c204850a5d2981a01540d9aceb4,0,0,0.60546094,0.60546094,0.3945391
5f2545860a1395e850f9aa6c0266027d8099319aaff1326d1085ceb7cf2c70ba,0,1,0.93921506,0.93921506,0.060784955
5f8ca5df50bb47db5e3af975bb18c289b58d059d40f0ba6be73fa2f1afb88514,0,0,0.9415777,0.9415777,0.058422253
5faf88b3682e5b4c667d9bd4acd6730abfe0ec31041bc0f5c2e1917a6606ff5d,0,0,0.9348905,0.9348905,0.06510946
5fc93abfdc71774df0c9f7d841e8bbf89a068bdd49e1a8c6892f3f7cbf0b3d56,0,0,0.8835824,0.8835824,0.11641752
6002c15a00c51f0a3fc16e818d1d033288de7ac1684af558260ecacb493b58a4,0,0,0.94338757,0.94338757,0.056612458
6064053d2cb52ec5d7eee5df52c3bd2537b2e75e6795f29f34215bd6eae684c9,0,1,0.944032,0.944032,0.055968005
60a151335ab70ca355232dd7ef17921f92c3205356307776774236e63ac7d729,0,0,0.9462032,0.9462032,0.053796764
61fc4713cd29c01b1ee829eba3b58c947ad8b649b1f529fda26bf21145c4ee0d,0,1,0.9389309,0.9389309,0.06106904
63893b222440cb65c99699ac5b50bcbcd69167680f5404c4ca72b74e4e8b0a68,0,0,0.93979263,0.93979263,0.06020733
640452e0d4ef665babe9f89a10981f6a3ef6e4bee31d17049663d780ce0c6425,0,1,0.9162013,0.9162013,0.08379875
648964366a3b671d4c24ab3b8987573638f111a192da9149614a793f3d458829,0,0,0.93734837,0.93734837,0.06265169
654a6b839dc1b8016b70d7771b76cd6a979dc177c191125fd398a68537f02456,0,0,0.94289345,0.94289345,0.057106618
6616aceb64eb36e64e8578d5c1cbb42779b137139bd90eae830ffb08f4f80323,0,1,0.919659,0.919659,0.08034101
66831e9fa4d88e04fa3769c44a5c6174ef57fbb4c3e5b0eee14c8057a514fe6c,0,0,0.9267626,0.9267626,0.07323748
66a78a9092a4f96e3884f2cab88f472b74a9ea38a23d75c9958a7d0d5c9332ac,0,0,0.9390784,0.9390784,0.060921613
6761afa7645d241db7cae7d52d3b506b7e281e050e2d2219a2c2ad4e80f60f6a,1,1,0.85199744,0.14800264,0.85199744
677df7cbffeaebc35630939a70d7afa5e797490d897f6f05b6db0943675fa8f9,1,1,0.7599518,0.24004826,0.7599518
67e9ef8cc87a927b103032722cb81fe70a4458490c44894fad18df32e72d2902,0,0,0.9399585,0.9399585,0.060041506
682b2bc890d5a24d2f71d4437f434ba980c84b43e2c507cd8acf88502c0db1d1,0,0,0.9393716,0.9393716,0.060628384
6916c2526eb13ddc1cae3c1e6d6d60dae7d02729bb733a4b103fb8015a98348d,0,0,0.9440163,0.9440163,0.05598373
6a355f3d8a16e55297e383c0bf800059224ae071fb3e5993db369ac08998e705,0,0,0.9381864,0.9381864,0.06181357
6cee730f7c14f4fa1348e8480568200f13d7065d2eec873e06474133c6e4e919,0,1,0.9241456,0.9241456,0.075854436
6f5534dcea0e92e191a878f1d37898a0e1e91f922701c8664970b99e045bafed,0,1,0.7347572,0.7347572,0.2652428
6f59223a9a18b9f3fccffa9d7100e7d5a0dcaf3cf4fb9aaa1a466afe17fe2003,0,0,0.9454797,0.9454797,0.054520257
709537e76cdd165894ed3246a06e015627d4bb38538d73e7a4dbf8b40afec78c,0,0,0.946492,0.946492,0.053507965
711503a82ff3409b39995fa8bcaccfd3b6bf1ae2408fc6d19a0ab9baabdfd1e5,0,0,0.94431704,0.94431704,0.055682953
72d18ab4b6de9442d977ba04970ec0b6073cb2e142e439524ae1cdde3da54134,1,1,0.79166234,0.20833763,0.79166234
72db5d3a7aeaedc3750841c50bccfc7873b9a1dc473105a68ef08c950c6f12db,0,1,0.94166595,0.94166595,0.05833408
72e70ae75a7aed8f12cda09c65f4b3d3a2078c18ab1a7d277c4b6a4da5aca3a1,0,0,0.9380161,0.9380161,0.061983857
730fcc4048a9676651850ee544400bf088c3a15ef9e0e6f30369b7d02490e61f,1,1,0.631872,0.368128,0.631872
7337798d40ba704ec2573fa31c90bc5a9d052f0414c00f7f9b3fe605d08b24f4,0,1,0.9444816,0.9444816,0.055518363
73a1334c43fea54a8aad975f5d68c4d9f602017ac566b6304f82c49a30c4fd4f,0,0,0.94214517,0.94214517,0.05785479
73ae203f5c4474779d4255ca2dd0531755abbe68df064996d16f318b2295d8c8,0,0,0.9180805,0.9180805,0.08191952
7469c62630a509dc1dcf099c1327b8002781233ea7ebeda2b3cb93b6a5d82694,0,1,0.9265433,0.9265433,0.07345674
746f19358a35cac5370a838bbece90b4ce92994411d7630ab91ac9261c120d1a,0,0,0.9447769,0.9447769,0.05522305
7558b0faaa374ef8ce209dbe92e94e782586a89cdaa2aa7214e8b1d486a93f34,1,1,0.5592475,0.4407525,0.5592475
75da6bef7eb40090e5bd3b5f09c8affece8664f4a3cb3a5150c5061dfbe81ec6,0,0,0.9439517,0.9439517,0.056048326
7621e6135e8186288677e4783df27fa4da18695e832dfb09ae7c58bfbd17d4ed,0,0,0.9464629,0.9464629,0.053537056
765dc3c681c5d33bc04be54b1a69782db188016d83e4ae415302243f56f568cd,0,0,0.93897027,0.93897027,0.061029714
76a431d378e907aa05d77051e8a9045f8ab185d735cd2a938e7756e16cd26542,0,0,0.9465556,0.9465556,0.053444397
76fc9f22f3e60ce0214e8ca94cd5a45bba874b0cceb90050602f8755ed21a006,0,1,0.9322567,0.9322567,0.06774328
7819e8f5243296f2587c4222e4f9f959a29dbdd1786c0f58d6a3a6cb6a5e9f23,0,0,0.9382414,0.9382414,0.06175865
783d2d752ee5f1b3d2d64bfa46b8731b1770b7e05b6390d2a9156bc1901ff53d,0,1,0.9147902,0.9147902,0.08520974
78458682043ce705aaef04e45087c5b681171afa6d42d9317fa6ac2b030ede12,0,1,0.94584876,0.94584876,0.054151203
7875349cfd690567edeae0de7dcd67ed81b1175ec3c919c0bb29f77fb13807de,0,1,0.9109695,0.9109695,0.08903049
78aaa037fc6e87dc3b070d4453e49a9d0c308a6126d863bb40ff5a1583e8f975,0,0,0.9437304,0.9437304,0.05626963
796087bc3de507fd36e88908c6e616561c5682a5e1b24fe4d66453028cbecd44,0,0,0.94448733,0.94448733,0.05551263
7a90362a1fc12a3398d3f0cafcd13649842126be520e9e337fae888737a45220,0,0,0.93914956,0.93914956,0.060850386
7aacd568ad612680687744c5904a148dc31542b29e41e23ceacce1e582a4ad15,0,1,0.9325814,0.9325814,0.06741863
7af1821ef343209525ee9cee70e0e2e79296fae8ceb89d5319830427b264e16a,0,0,0.9429064,0.9429064,0.057093587
7b0ead6fb9e8aadfa00f2b040992858b0f7e23f7344cb739628a9fe9738a27ae,0,0,0.9288396,0.9288396,0.07116035
7b3aa69a989aa80e04edc556bb3d428394f94ace9f0a10192957e5842f4484c2,0,0,0.9398936,0.9398936,0.060106397
7b4c7658a531c40d8db36d1bba1237aee115cf7b9d475439ec7eea0e94441e52,0,0,0.9395007,0.9395007,0.060499318
7c63ef08133da7045182037fcccd40f64113302351d7b0a2c6df9bcfd4969c6e,1,1,0.81418234,0.18581764,0.81418234
7c6b813df92f264969aefc64bfd02d4a124378b269dde443b05432171d0ca7a2,0,0,0.9408742,0.9408742,0.05912576
7c733384c6a70042ae89dd2196d01ea2f3e91c4c733dd2deccaae2e63f5d271b,1,1,0.84951746,0.15048252,0.84951746
7e20fb0f4fdef39edd6d81ad39a46f5ea940a1680c6e69a15264c40226cfefb7,1,1,0.8519182,0.14808178,0.8519182
7e5c96f278c87e5dc5a964da957df28497610da5a38c5f57e95ca798257fddd9,0,0,0.9361903,0.9361903,0.06380961
7e661a07a9eb6a41c1b922cef1324756ed39a43ecac4252297f354b6c2c7ee2d,0,1,0.9444458,0.9444458,0.05555426
7f37a91d3b20a61271cf823555ec368df408d91c5eed4a150c25795c0c6068b3,0,0,0.93969274,0.93969274,0.060307205
7fa958805bccf53c95b8f22e60a5385f1d8e98f2bbb9b64eed98b9f4bee9a192,0,0,0.9297768,0.9297768,0.0702232
80c7e0fc6ec9773733f079b0615afb08eaeea6679a2a79d4237e9c186945976a,0,1,0.6514926,0.6514926,0.34850737
80eddbe7aca2bf99fe99057fb37a050c360c3bdb6cffb9358565256732ba2e88,1,1,0.7558381,0.24416192,0.7558381
80f95a4622b31533c85041f0e63d8446fff352f633f60ed5596004a3205a0c5f,0,0,0.62249625,0.62249625,0.37750375
812ed95799fa8809147a258ced200928ed8b419a6b585c68245170e0aa643d0d,1,1,0.8243357,0.17566428,0.8243357
8133d30ba536930a39b60422e963faf6c685dc99f694d3e5679fecc8e6b2b9f7,0,0,0.9448963,0.9448963,0.055103645
814ec0dfe78510cac9d0d09994a49fc7d445896eb6cad2a0086863be40d9bc10,1,1,0.8118214,0.18817863,0.8118214
81e34c36e52f79efb9d150f2df9645c4244680b0a4ea9a6705468e2dc85ef7b0,0,0,0.9410214,0.9410214,0.05897862
82f4e862526f64dd12445faef13fe5100ae380703581b0f81d4296b6c8039fa5,0,1,0.91403675,0.91403675,0.08596327
8355d0f114f2448df3f6f367672a427aa3d015d7c04a8393641bf6d63454a013,0,0,0.9422296,0.9422296,0.05777043
83aedf3513b781f65895b22e63b673c06d2ec607d6dce0b905e79bc3e5f0b1d1,1,1,0.8380275,0.16197258,0.8380275
8473feae85c416080c2de3ab3d29a7e1946e20ce8f141c6e479273a572f9939c,1,0,0.6344826,0.36551732,0.6344826
848d1d3c6f8f040fa3052ad9138bdf630887638cfea3f26e487702ee4e9279c3,0,1,0.9435185,0.9435185,0.05648152
860a391e65cf6342c0330690942f7c9067d91cd356c0d084d9e4c46e2e01c911,0,0,0.93916094,0.93916094,0.06083911
8640421e0c335ee37941b8e1b5cc11834e55de7c52d6fa7dc5090b8be763a028,0,0,0.9413225,0.9413225,0.058677446
878e91051e4025ac6bf7e867e7f7616751c69859ffea3061b168563d2c3dfc4d,0,1,0.92629826,0.92629826,0.07370178
89db936784008b27eecbec5765fd6e13a9ed1a63c3890b3880f49f6d2dbc199d,0,0,0.94542164,0.94542164,0.054578412
8a1aa66edade6d9bb17093f147390324364324a031e2c349e2870e08202bd081,0,0,0.9471026,0.9471026,0.05289743
8b12c71283190235a7fb5c5d32d951a6f01b8922e9fbc5777d3547d4bd1d0649,0,0,0.9401653,0.9401653,0.059834674
8b78d10c529d860d5ca8b3c6650d8c90dc595970f9247bdfdeac06a5109607f9,0,0,0.92262316,0.92262316,0.07737684
8b9ac581f524144396880f6436999d1130b4844e4067c9e4063cfba919ccd599,0,0,0.9457313,0.9457313,0.054268677
8c1984537aaca2cee5c4c1bfa7c16aead9e0f60b1b5c39cf38225ead721db52d,0,1,0.9402775,0.9402775,0.059722476
8c5362f917c2c31f01279dae590f0c3a65a3d9bda78bddb2340983715704fc75,0,0,0.93348646,0.93348646,0.066513486
8cfa9281c78f27d43428d9b9da8535f7fcddcd345e2eb0f86d73204af13c000c,0,1,0.5918254,0.5918254,0.40817454
8d13414dbcb5792eed0bf729f2734e9018b7e2cad38ffa563998b10d5b5017a0,1,1,0.5034316,0.49656838,0.5034316
8dd3d6bffcd749ed90f98e6db4a907230d7f5910b7dfe6e61c53a09b178236d8,1,0,0.6928037,0.30719638,0.6928037
8dd53f70d7becd5ac51cc5ae95a6d3a8fe9fcd003c86890873a3de8ae63009ee,1,1,0.7057631,0.29423687,0.7057631
8df24c2a41a47319bf241f39e9621ac0f6461a5806c3e494ff965865471d27ec,1,1,0.84618044,0.15381962,0.84618044
8ef86bab8b49649c00facf0ecf05875090007da9f99f0363e425fa1a97316d55,0,1,0.5175813,0.5175813,0.4824187
8fd40638855aa2709f97717791eace3fa323c7d734daad6b200edb47eff98045,0,0,0.9429049,0.9429049,0.05709514
8fefb7ac399271e4125d952f1a9a68518fdc9025a3a9bfb495831c1294eee755,0,0,0.93884486,0.93884486,0.061155166
90215411dd8a3d4e71c8c561ffc7cea83a3f1be4c5fb185d18afc0abbedbedff,0,0,0.9446556,0.9446556,0.05534442
919dd4e44cc525564ae974c68bcd3d3739f91acea9652dceae90d12ee2ed5679,0,1,0.88809687,0.88809687,0.111903094
91cb3a1e09df921bbd5f5827ffb5c3aa6172f9f5d8522148b6d94b1128661c7c,0,1,0.63166875,0.63166875,0.36833125
91cdee858fa474d97ed7bdd9dda2b9fb67cf8a9a9dce9912de0dcca35d8646a6,0,1,0.85862285,0.85862285,0.1413771
91df769ef7972d80917d2dbb73d501aaa677cc66c9475e3e1538b06ad3ebf6cd,0,0,0.9460373,0.9460373,0.053962726
91e275d4cbaf889a16565fcbc64229006b8a05414783e913e9a3b8382bae9624,0,0,0.9437425,0.9437425,0.05625756
92816a717a98caec114e8f3cd529e3506cb17a9fd901d248b6b8e8f745de98f6,0,0,0.9449077,0.9449077,0.055092353
9295bd435d5b5cb855e51d9c93af4e467a21ef171477d572cbb90783db7024a8,0,0,0.94711745,0.94711745,0.052882485
9471fa58b713160cb72b6980984ebb196568e1521624aa504bb94d8f51051e4e,1,1,0.67143494,0.32856506,0.67143494
94b93adb54f6142e9e0e68d2c6d03dc96f14a3c9c0fff79a97c0deb0ab33fbdb,0,0,0.94447404,0.94447404,0.055525888
94ca330387dfd4f7b0c49104c92254bf131e20f59edcbb3c695fb43cdbeba437,0,0,0.9398195,0.9398195,0.060180493
96aceac4a34ba78f25e2783964a5f86a6525f2158bb31e0a00a74a74503f781e,0,0,0.94353265,0.94353265,0.056467354
96f0b491090031063024a86b0c009c05f41241ad04148fa79a3d241c83d24948,0,0,0.946173,0.946173,0.05382698
981c2c31d3dd11419da9fea693330a9b161b30a591f3aa9499d3048f017374a9,0,0,0.91869545,0.91869545,0.08130454
99527b5531764a62cdd352ea96590c51aba0ab32c64b31c9f8c7dcf4c790ba88,0,0,0.93081564,0.93081564,0.06918438
99a201c3259588720e44da11263add3170b27dec9f9f434fed21d40c16be4e54,0,1,0.8868619,0.8868619,0.11313805
99c8b5b018565a4fd1768383586800fe8f9e0804be3d499b03b63581dcd1f353,0,0,0.94437635,0.94437635,0.055623636
99fdfbc9764618dfe7e6bed2c7c947e72c4d80091ee16e2f4f8e7d1b2a072926,0,0,0.93414426,0.93414426,0.065855734
9a0ff9e56cd4052559bbc879e6f444deea53ad7dc43bda63ba1a8cd2249f5b6f,1,0,0.85013443,0.14986558,0.85013443
9a14af5aa5738e8216e831ebe530e5e94573bf440ae823b901174c9f33a725e8,0,0,0.94002116,0.94002116,0.05997878
9a66b1f73b00d3e2ecf7a6f15c1656b16bc261678d41dfc17cd4ad134b5ecc79,0,0,0.9374329,0.9374329,0.062567085
9b5998b14d3f327633cba82e347827969f48e542b0bd98fa1c206b4e69c08cc9,0,0,0.9379081,0.9379081,0.06209191
9c16985925263e19557b36621b6092a049fffbb8bb557f159a8dde427be9b18f,0,0,0.9327096,0.9327096,0.06729039
9d01ef706e96348bebfd7b11d0baa22ff24210294fa4bdb6f35b2f9a31f469e8,0,0,0.94103986,0.94103986,0.05896019
9d9b5f7b91ff2aba41f13d7043084b4a81bc2b85994998b7120d9ad6b3534a68,1,1,0.67544276,0.32455724,0.67544276
9f842d66f5731770fdd830b1870fd06be7ad6133e04ca8243daff2bab2e88858,0,0,0.94455373,0.94455373,0.05544625
a03c2fed42891c4a05b8fb468c61ccb61e73023acafadca43aea19fddf8c738f,0,0,0.93580306,0.93580306,0.06419694
a1e76e23fb4b413b9f88ad7c830648ac7bc5f2ae82d4772baa33df4299dc8530,0,1,0.9206277,0.9206277,0.07937223
a2660c5627556955c350d9a30cd6fca1cd054e7828960795159b3a7c1be498af,0,1,0.94196427,0.94196427,0.058035776
a27dc2f84e7ebe06721216e21897d9bc8befd05fae8ec099e2f40007730d82e4,0,1,0.87827766,0.87827766,0.121722326
a2a6f4caa6f59cfb40b393af71caaeba03225425971a0267780800199433b3c1,0,1,0.9316524,0.9316524,0.068347506
a3a0f8b9ddcd24242dd478232f80214ba868ad3f7b98c4af6f1f27f2735d276f,0,0,0.9483143,0.9483143,0.05168572
a3c3eb1586d58d8d505983b4846694a1baff5cf2594a579636adf25f39cab06e,0,0,0.9406086,0.9406086,0.059391398
a3eece164de1efc090191489b34657cf459c7249ff56ebaf4fcad634170dc0ae,0,1,0.78264004,0.78264004,0.21735995
a4207679819fb583f17e288d5a5f415200ee7a374955123d22724d524b9e869a,0,1,0.93868583,0.93868583,0.06131423
a4c8915f1f5c0327bc3d3e48f6927e41d9fe21e785295f90894d8ce25b91ddbe,0,0,0.9423999,0.9423999,0.05760009
a538760ca2c9e3385cf41ac9d15934df16636a5b4e31c101a72700997f5f77d5,0,0,0.94064623,0.94064623,0.059353773
a7335a8b0c111ac143e3da36cebc8b9038c98b3d2661b8ab7a09f31a1a1e9811,0,1,0.92301613,0.92301613,0.07698388
a75fcfba7bc296210a53f37947f7e3d02288889211950c20035f7da810fccb50,0,0,0.9461285,0.9461285,0.053871516
a8150e69f15522db338fa413bc97ba23a3e19b98f45dbf0e6c6393e79b996e33,0,1,0.85903955,0.85903955,0.14096043
a81e45d40945ad62221a92c35202aa8be3609fba4984990035635a58e3babb1c,0,1,0.9440557,0.9440557,0.055944275
a854626089e2ef52fedcc0dea7e3297217bd45f4704a092646a9f0d46f4a2599,0,0,0.9422419,0.9422419,0.05775813
a85f803341932f086e7fd2e5f4b362cbed38ced2b10962b411dbb3733628a0de,0,1,0.9442195,0.9442195,0.05578043
a88cd03112874ee3822ac5e9f49ceeb5170c8d8a38512e357b0ee8f3f54bbb57,0,0,0.94441634,0.94441634,0.05558362
a9b7ebde41bbaf8c243ed4887aceba7cd16824947738af988ebb61ed710a7dfe,0,0,0.9434096,0.9434096,0.056590326
aa9e492320420705d1ff3fbd31440fa8a7776bfd326009a7e4f6a1950e9338e4,0,1,0.899191,0.899191,0.10080896
aad53da560d9a72f6b7559ac07a494b817b3b5aacb25a8cd33e259075a49bc54,0,0,0.9408525,0.9408525,0.059147544
ab0e26a15ad8cf3b6a8e13089c864b04512ea5fd8a2cc7af378225bc69db4fdd,0,1,0.92178625,0.92178625,0.07821375
ab300678dceae58f8ed4f99019fabe66c576b355ec56241bfc945933bb6895d5,0,0,0.9418183,0.9418183,0.058181662
ab5cdc63f85283625ed3a79ca2dd7e581d8139356e246e3473c259928f559d1a,0,0,0.9317848,0.9317848,0.06821523
abc3b920f5fb3319264ad818f02d95a6dcfb23541ba2d393bbb0ccb41d9af33e,0,0,0.94269246,0.94269246,0.05730757
ac3868351545c31c82e72f20b586d0328b52ff3c6251fad4117ebab95bf8ae7c,1,1,0.7482875,0.25171247,0.7482875
ac9a3f9ec1f5cbdefbf04dd013353a51f950c98dcda83cf5e42395626ab4474a,0,0,0.94692653,0.94692653,0.053073432
ad20bce665acb4fef24fc47f06f88ae6f3f4d4251500da4b925dd0129872f99d,0,0,0.94571847,0.94571847,0.054281544
ae4a6be74543f67bf4824b2e923cac69d8e7322e06a0f098200d27f94cb15f0c,0,0,0.94219416,0.94219416,0.057805803
ae769288c226c5374f8ed03582dca5063f04ac485fef596c46e41d618867d51d,0,0,0.9477865,0.9477865,0.052213546
ae99f61e52aba42f2a4d77f42a7883d0406b713b8521ae6711807d80c00963bf,0,1,0.87075716,0.87075716,0.1292429
aebb376d4a248370623ee515f512c0199652e9ebb77252f7e3084e1500a05a5e,0,0,0.94634295,0.94634295,0.053657044
aef0fb136cba89e0d3e01598deac1fe6923daf6c730b8c99f045b68c8eaec838,1,0,0.846489,0.15351094,0.846489
af41d6c8aeb5f664239d86044d76ed53aa6551b6ddabf51f262dba1ef0734f01,0,1,0.91929114,0.91929114,0.08070888
b04534a4ff78b6520ff4e954a19e8a9d1b2b1b207f881c37327060848a305677,1,1,0.57008505,0.42991495,0.57008505
b061a7cd5c7664942a21784fa2ceaac0dff56ac2f5a2e9a03b0f55a5b8babba5,0,0,0.91341245,0.91341245,0.08658753
b0a7dbae1ef78796afbed995f5d68ff2346c43e8069e83ff190304c44122b3a0,0,0,0.9452169,0.9452169,0.05478307
b1372754f701f3811c23a06e3b73aef34c385feab26a26cd3b310b64d3d5546c,0,0,0.93176484,0.93176484,0.06823519
b2b47583230675a48d13ce59a8cbd9165b0da2adbf4bacc69fe0ef8c97237418,0,1,0.89951557,0.89951557,0.100484386
b4b8cd22a9467c06198ede9a0728684f93b9f5f1447f693a97d59bcef5aae032,0,0,0.861598,0.861598,0.13840203
b4d6d837e796c639e7f57e58b025f87905ba2346668cc91fa7e87796ff1b13b6,0,0,0.946296,0.946296,0.05370404
b52e62c8672dc04f6f3034315a0a68c8439e51b5a50916de709d2937d760ed5f,0,1,0.9299217,0.9299217,0.07007833
b5fd7c84efef4c3a315ab4729e56b32646ae599ac5cef6a03ebed8065a4e7d00,0,0,0.9225773,0.9225773,0.07742273
b672fc67aeecba62cac16e8f6a13e5dd77ee3737a04f6f5d9635d2901b8a1284,0,0,0.9467131,0.9467131,0.053286877
b6d02e36e7fa8baa3d2397ad228de69b4154b5d78633198e0ca24638275da960,0,1,0.92761123,0.92761123,0.07238876
b6f3ae4b89134f93d0b6e36b8b225bc31dbea7b41edcb3761fe392e38f920843,0,0,0.9415898,0.9415898,0.058410212
b7041847f3051c5de2bcc7ab6bf75a8b18b88fd5ce2dde00b17a9ef80910db6a,0,0,0.9396318,0.9396318,0.06036824
b705df60f6387ba40b32c70f50fba09017256295f31b4b0dd15876388d1f4502,0,0,0.9417356,0.9417356,0.058264434
b7403996b388158555a6a02a56defc1cbe39f30924db8ece82bb3be4d60f20b3,0,1,0.9315524,0.9315524,0.06844762
b780b00556f44767a5d77026615ca28a0042200c7abef99b007b2700e8feeed0,0,0,0.93873674,0.93873674,0.061263226
b7a17ff76d61a3e0d8e6521c8647bc4640167c9438b27ec62fdca642cba3f42c,0,1,0.9350114,0.9350114,0.06498858
b7c854cc410fc42748b62562f23abeb8432ec32e138cb7c277a8618758ca4c8b,0,1,0.9403676,0.9403676,0.059632488
b7e237b0d771f580bc3ecd131e943e9680aab329e122b900cb2c78311029f61b,1,1,0.7948706,0.20512938,0.7948706
b82a549e567a41f6467389b97f2f44140dc7bb98db290fa25d489eb24146f167,0,0,0.941407,0.941407,0.05859299
b86dc6b4d793adf20b36c203e7723363c010735cd4b3f52005493518b598f087,1,0,0.7907476,0.20925237,0.7907476
b88fb4ada2211384b423c4f67484a608bb7a9d48509f5d2905b64fd90a282245,0,0,0.9415178,0.9415178,0.05848219
b986699d670b951ef0e9b8f5d7ff4958b12b9acf8732ba72dffa7c2751330751,0,0,0.9448943,0.9448943,0.05510573
ba697d3021b33e32b40bb1f6d5feb400fc46272f74f29cd5d24d0164bbf56984,0,0,0.90049577,0.90049577,0.09950428
ba79237be47b7002b122c92229f02a6061c7da8c79984970f82ba423b977a017,0,0,0.9466286,0.9466286,0.0533714
bb2e836b3680b02e762bd2ddd29dc462dcd220ed18cafd3a5eff19d89b43a7fb,0,1,0.9177498,0.9177498,0.08225015
bb990ef8ad70d8f2f5ad1d9994b3b0d8f3a38d91a4a26e55a8e4d1aaa894f272,0,0,0.94347596,0.94347596,0.05652401
bb9b0f1398a88d67aa44a8b167a05eab9702f3801f866babf1524c6168622e95,0,0,0.93033653,0.93033653,0.06966353
bcd7172181d4c44c8dc6b89c1068c7e878b18df2485ac7f4b8a17bd0b7830812,0,0,0.94400865,0.94400865,0.055991363
bed9ed5be595eb59b05cc0d12ceb93027a7b6c76cdafc438d19b045648270b78,1,0,0.6904107,0.3095893,0.6904107
c1559459f7bd4003a7166d78c26c761a45429ec92e41762aa3b0355a378b7c84,0,0,0.79322994,0.79322994,0.20677012
c1649800ce512b73b7fc668abcb2508d50117c1b2bafc85280ad8672d3d84fca,0,1,0.87378514,0.87378514,0.1262149
c1bf300a2a3f45a6313d3cdc4f29adcf4ef86c1e75369aba291af0aabb41fd33,0,0,0.94456124,0.94456124,0.05543871
c2006ef2029bfd7fa92fc065747a17fa4ae8b6a83c8ae53be1c65f45bb8e4380,0,1,0.88792527,0.88792527,0.11207473
c2f24fe0131f0d46e6a7023bb66c3e164f880ae75313aa3062348c5b9574178f,1,1,0.57174456,0.42825544,0.57174456
c312a2f6f92317dd88a68c30636f3d6694adca3299b6a231eb0585aa3d81a08e,0,0,0.9418824,0.9418824,0.05811763
c325b773f4573b5e43778dc6e9caa44dfb92823f087873cfedf7fc725cd6a341,0,1,0.9437261,0.9437261,0.05627389
c329dda371f70800d4ee8dcc0508beb41092a2d4aa52ac284c649c573a6d7875,0,1,0.7989079,0.7989079,0.20109212
c362cf9943ab79be210d1ed79b97a8de7492f68d583d0d6b9fab97684df55b3c,0,0,0.9431395,0.9431395,0.05686053
c3d96f1223c0a2200cebae6edab32acd16fe22aa079f75f65e37a38d87a16509,1,1,0.84595346,0.1540466,0.84595346
c3e3d9632b9056137f0ff5a491a456ebb73a647a7e0d304fab59cb0857fe1f39,0,1,0.94384795,0.94384795,0.056152027
c3fe9cb1d924a8d30979f517ad456b09a28e86b8e520474a1cade86a944ac598,0,1,0.85621524,0.85621524,0.14378473
c47a040d5dba3b194a807666a6e7e9047b5582064b7d46574b9af1eb991da27d,0,0,0.9456971,0.9456971,0.054302815
c4a8267d35349b9f821a772822d9efc8f9628111885cbf2e61f1a4362aa8c89c,0,0,0.9394512,0.9394512,0.060548753
c54c33087a06e4209ea79c50b91518f483cf364c095c8989da8000a970505e1a,0,0,0.94383043,0.94383043,0.05616957
c6610e62d583df90232181e2b526bb9d0d7c7c291f98b0a87bfa1d56f7f67988,0,0,0.9406887,0.9406887,0.059311215
c7d18510c1b488b374debf374b805e60afbe2274cc5d37af044be106b5438c0d,0,0,0.94257784,0.94257784,0.05742213
c7f6f32d622687bbe54406d0b65942e5658dcedd7c0af274b5409fdf2740edd0,0,0,0.93967056,0.93967056,0.060329508
c80d958930c9f6a443852b5cfc73a5d7e59516a5a4a1a146e6d223c28b2b39bf,0,0,0.94120985,0.94120985,0.05879015
c931db0a146142b0e120c80b49bd2fc8e661a7ea9c9688db155c0cbf2ea215e4,0,0,0.9434469,0.9434469,0.05655307
ca4a19ec521a55bf0e12728fdf0d50e03aa822c1dacc094e9f2cb1e4f315e531,0,0,0.94480205,0.94480205,0.05519793
cb012e0179729c3ccc40431196606fc9c6dde1ae43133819ab57ddace258fc62,0,0,0.9423908,0.9423908,0.057609227
cb57005b1bb1df5fdd5ce271e6623a87c80fd6b66a2aa4268897ada3627be64b,0,1,0.93522966,0.93522966,0.06477034
cc983f4453ca0a7515a13f3d45c5458256810cac31a3d2b4bf89a6c70d226fbf,0,0,0.94378155,0.94378155,0.05621846
cd01b87ee07ac940d9e5e454dc154a6b8d12cb4f5f701b4d844da46ba5e94c88,0,1,0.5089382,0.5089382,0.49106184
cd207b8fc3f618fa66e539e344a3db67a4d5dff2bb8ba1e7b2235fadcea28a31,0,1,0.57555056,0.57555056,0.42444947
cd350d84ee35aee39e5dbab8454000d68447a90b9a774feb5304c4a280ce8875,0,1,0.94562197,0.94562197,0.054378033
cda1e52346908d799d4ae4bca1ec1aa3b9d7f42e41229dbb5d77b96b7f2bbd9a,0,0,0.9392351,0.9392351,0.06076496
cfa1915882182d3855caa3a5c6a7a16ce6178b262deaccd33e17c48a8959963a,0,0,0.9406817,0.9406817,0.059318352
d0c8c8e2407f5267877d4cd8beb37f4973cc1b4bf31815eabf6e8a05e918875b,1,1,0.67993224,0.3200678,0.67993224
d1366d3e4ba0a2aa796c4531f56c6f1123b4ec843a69767118547e1ced2cf670,0,0,0.94371825,0.94371825,0.05628174
d1367af7573605f458407ef098bf191edac27a74209fc7e58a440e1931367ceb,0,1,0.921186,0.921186,0.078813955
d155241cef3138bf2b814b883989a93c8f81a4f2405d19b507b0d2ae2ca694fb,0,0,0.93880504,0.93880504,0.061194953
d24771100c894a3ff2315b892be09fbd8780a104130497e69616e0a8d7699af1,0,1,0.90977997,0.90977997,0.090219975
d248c444517249a96c5873376d8e9acb613f839a80a0a64c495b47d114c05799,0,0,0.9450399,0.9450399,0.054960042
d26493e97a171fcf21525eb199798011eb1c38f3ee4cb4f12ecccd5218775f9e,0,0,0.92450285,0.92450285,0.07549715
d2d38854dfb81c6b16c8f61419e0aed0defb2e68f2234566f928af9eefab0676,0,0,0.942885,0.942885,0.057115078
d2eba9473527bff068bd3129e43e6044ca31f0c11d366037d87dfa6e89207548,0,0,0.94544816,0.94544816,0.05455184
d388489d604af8f1cea25620905c083380406dc9026b94cace852e65fb9ff82f,0,1,0.9141084,0.9141084,0.08589166
d3d5ec9c2d26ad819527ba3d5f11adf42779a5c8799fe9cd2beaf8863b574929,0,0,0.94221646,0.94221646,0.05778355
d3e7148cf2e7e1871c597e5c5298cf9e42d9e49caafe268974254c27e7b54cb5,0,1,0.925244,0.925244,0.07475596
d45091e5517289513befddc143f48859a6dbca4c02f2ff69ff9bac83e0e4938d,0,0,0.94634783,0.94634783,0.053652115
d4c5e58ff5470b47be408208e16ce10ec9d49b663d8b3f85f73e5b60406fda06,0,1,0.87828195,0.87828195,0.12171804
d512d014d3c5eace3552d0e8a7920af5b3f16b82801fcd1f795175d66f117d7f,0,1,0.94086665,0.94086665,0.059133377
d531dfb9b72cfcb3870055e42df15521cb401e892ac8e9f1ca2e9a93a030c614,0,1,0.93954486,0.93954486,0.060455136
d5a75d758aa7c7c4d7e3bc38c2c80a7f39d770dcb906235211ccb0aefdc14bc3,0,0,0.94689614,0.94689614,0.05310385
d5ec68266a31d1c5deb054768e8e0c0006a9c5c4dfcb9ac3d697f433e07f1bd8,0,0,0.94364893,0.94364893,0.056351047
d5edfc04a98b7706139d3fecaa7a45ad269470dd241538281a2d2c2a73c80268,0,1,0.9439591,0.9439591,0.056040835
d6c09d3c79c4f5c2b49e36fd0386b31c780cdf4ab0d1de3912318b9e78afdf48,0,0,0.94250304,0.94250304,0.057496894
d77c0dcf60d07aa0471a041755135301ba84b83dfda6a94245c6d8f9b07ad7c2,0,1,0.93895876,0.93895876,0.061041187
d7ad55e683b6fd6bb1a15e772fb0e0a87b31128bdbb59608f58ac30126b3748a,0,1,0.94548184,0.94548184,0.054518104
d7ba722a73f998dc18395b1e9bd0c7f672525b418957e093a0981fd7113477f1,0,0,0.9364792,0.9364792,0.06352076
d7f2a58a9e3c34236c0eb318a2ab5cfe3bc6fe3a101672b7e5566ef0dcfd0939,0,1,0.94111204,0.94111204,0.058887932
d7fe281d5eb81fa4c80344d533345ce916270a94543ba66201beeddd9563583c,0,0,0.9436946,0.9436946,0.056305345
d8385a05a2b4391c723b07290397f63f088be2aa19ec8bfce8d6f6560e3a791f,0,0,0.8998648,0.8998648,0.10013517
d86f4c3127f3cee72c9cae799304cb2d22b2c15a46914efad3461b1b2e6f632e,0,1,0.8761175,0.8761175,0.12388252
d997b93d0d3c798ac1c7d5861ea041ea8b1be9d10b7fb8d18f7d6f13d3222c29,1,1,0.7188288,0.28117117,0.7188288
d9ab5e7daa6a35d5511b0660a377e8dabb5765bb67e48c7a71930553a8acb141,0,0,0.9457948,0.9457948,0.054205183
d9c6b7f936795194933227e42ccc714e92713b93134a09cb885e012b9a921827,0,0,0.9436501,0.9436501,0.056349833
dada88dc2c9b986326bff6183e4201aa57acef5369c5961516c833fa854351d8,0,1,0.93662024,0.93662024,0.0633797
dae3a43f39ac50140102392162c3969155e9a7c36599a4d9bd007ca1c33fd9e8,0,0,0.94361454,0.94361454,0.05638544
daedc2b09840f02427fbf6d0e3f1171305fddebf2ea2892aa9f227c9f1c95f33,0,0,0.93762106,0.93762106,0.06237888
db3ae267d056a0faca0bd2845d7ffe1089f165ddfe57cfcb1463b0178091f010,0,1,0.88734853,0.88734853,0.11265142
db4a61fb0d848584bb1e9406ea3c313375fecf3911b1a37f667d083dd9800b02,0,0,0.9368553,0.9368553,0.06314474
db6c51b71ba495df2706f5909772457b95ab8817f3bfc8c0606d56bbf21f1a59,0,0,0.93580776,0.93580776,0.06419218
dd77bebb225b72c776f96ab5068902be11c79bb091d12c64369913ae4f474572,0,1,0.8613954,0.8613954,0.13860457
de40c955660b21c7237e5a8b9ebb5c0e193318b3eaed4f0ee41b8662722c6f6c,0,0,0.93946016,0.93946016,0.060539782
df3357df237d6c492a41562682239c28e5ea5aeed378b3e0605a5ebea0da32cb,0,0,0.94600195,0.94600195,0.053998064
df41f229aa42e55e5f43833232eb8591dc1510468ed44b85602a8073817bfb68,0,0,0.9424359,0.9424359,0.05756409
dfcd02395668ce0962224d18fd129d86581d12f37ee15d746a44b9d653ca1c45,0,1,0.9445669,0.9445669,0.05543305
e008032e4e4417de5e5f762e8d5bd18afcdcc7c4fc89e5c4635eb26d1bef8e70,0,0,0.9306639,0.9306639,0.069336094
e031d07d9a6d75e3f0bdc6d203344040b52189c04c2fb8809e5a342631243e88,0,0,0.9346778,0.9346778,0.06532225
e090671f4d4f6b828677c6bac9fd00f706823185f0039432d495d3762330d744,0,1,0.9317787,0.9317787,0.06822134
e1e8b3e8dd77078e7803fb7329bcf81cc86ebfc75162fbff259ea434bdd63418,0,1,0.93819845,0.93819845,0.061801575
e24c8bb992bace832d80b9e9ae3d7c6551c5f8c03f5943e774a754ad5de88ab2,0,0,0.9247336,0.9247336,0.07526643
e29269e2563e0040eda54620225e315473bc57e96791142d41c72223d8e4a4dc,0,0,0.94251007,0.94251007,0.05748993
e2bf6e893470abdeeb5ebfc156695c3b3ae87acb961a399ace0fd51216e0f4ef,0,1,0.9396331,0.9396331,0.060366973
e36bd57f2bae70bd2f0c279e327a4521840c2a1870436185c5d722461240d55e,0,0,0.9458668,0.9458668,0.05413321
e3fc4077ecaf19de6acf1eb1cd2caa114e774bca53d094972e95ecfa1b7a0adc,0,1,0.9214819,0.9214819,0.07851812
e52646660b22c8577046b04c2365dee9d9b214a92e2ad0e9dc34808841982789,0,0,0.9332701,0.9332701,0.06672986
e533a8c7afc797c3f44409df561f7633a5ba2e33cafc1a1b90b0a6fedee5cd61,0,0,0.9465843,0.9465843,0.05341575
e67179a2d88d745ea1eb923536949ad3debe59c79c09b3eec5fd6247979e1594,0,0,0.9298825,0.9298825,0.07011742
e6ad7d909d39c14f7e8122709f5850cdd4667f24d11a5a238a8ce188877c31a2,0,0,0.9455573,0.9455573,0.054442648
e6f9d5e836653d39f533841ab7bfbfed1c17c2b7cfd282f8e864228a57674d28,0,1,0.93974656,0.93974656,0.060253456
e79fcbf90a66ee4ba48393f1d6bf9dbfb2c4c65aac029dc057e5211510a10c7d,0,0,0.94466627,0.94466627,0.055333752
e7a21600d9873a9a7861a14c5c86a5980ecf538925a33eb78e327dfda2c8bfd5,0,0,0.94734913,0.94734913,0.052650835
e7c9dc60d5af592ca4789708b45fca33a1f826e6e587b3af92566ab3152ed419,0,0,0.9453161,0.9453161,0.054684002
e83e72d6eee547a63a4d8a8f1b542cfa2d512129e6724a79167252b572771504,0,0,0.94300866,0.94300866,0.056991365
e871bbda6d371ccc2459804d3e236168ab0840dbe9c5adeccfe9d3d93e199ad3,0,0,0.93537444,0.93537444,0.06462564
e96f298a7fd54fe4671f35d053c55de9fdd90fdaa0f232e2c173f97dd6b68730,0,0,0.94590265,0.94590265,0.05409738
e9c76cc6c23ecfb0ed3a60ebb9cd65dbc33819829f86e8c23d325f38647098b7,0,1,0.9176167,0.9176167,0.08238326
ea55cf8d26602a3e16ffe21594d98140ea0e5ac22b3867219ddbf1d490878e92,0,0,0.934204,0.934204,0.06579599
ea6912f72799c1c0e5885835221319235973528770daf2f82ef5c5ef2e383fda,0,0,0.9034638,0.9034638,0.09653616
ea9b04f3a2eb94547e71a229194ea61c527ef08cfd22a5c0cf8d4b448701f5b8,0,0,0.94382364,0.94382364,0.056176398
ead3ab4f387a62c92bdbcb5c168960fd3d7054d2ad5edecd4e2d6a0b767a24ab,0,0,0.9061253,0.9061253,0.09387474
eb4d891b4884a21355bc4106c95b49f6f89c660921ab7428572d93f35f95f557,0,1,0.5688404,0.5688404,0.43115965
ebb1277c142cce3c449f17f1d510f9ef64619bc07718173aad8079d5bb3bd8bd,1,1,0.7257631,0.2742369,0.7257631
ecc1bff6106c376a6b851c05b82fd4dc665c1e26f9241c1ac2015068cbbc43ea,0,1,0.9432182,0.9432182,0.05678179
ed58e314949c726d619bc110f8d6a53ea062334a43ee266b79afb065d5664cb3,0,0,0.93173,0.93173,0.06827005
edcbe6d61a2b584969d56c5d2dd1129322e9ae0af44192b46264e69d556e741c,0,0,0.9154492,0.9154492,0.08455083
ee3343b4f85089ef9c1a40dec027401e2cba2ed914deb9dd0b63b03f0d3c44b9,0,0,0.9455819,0.9455819,0.0544181
eebd026656f4888efecee27f4d9712ac2a3a94de2791b5e8808005e3c8c728e9,0,1,0.9228805,0.9228805,0.07711956
efa42f9d22a6e08b7b079c7d84d4ecf63b736081ff9b1c10deddb4ac5c2a48c4,0,1,0.9387561,0.9387561,0.061243877
f07e5eb0ba6cb3448aeaba2370851a398887feac05be630f6b2565cb08fe980a,0,0,0.9416364,0.9416364,0.058363635
f085f81e9a6344090e000a94649bb626a0cafbaa1b75e0d8bd5ebea3a0530ad5,0,0,0.9424081,0.9424081,0.057591934
f0c9f49a46a18ffdc5d97630f29d03ae609f2b668649c893e584cbacee459884,0,0,0.92763656,0.92763656,0.072363466
f1a2a09d851cc9bd76d7f6b5c7beb244a96d22370a3c847051ba3f6d6ad513ad,1,1,0.8178967,0.18210328,0.8178967
f27339ca60aad0bdea5b19a621b7b698a2f4b07322d6ccf8739e1269c8bbf6b5,0,0,0.9433186,0.9433186,0.05668141
f2aa2a667ecfcf20c0ceb3a86126eadc384207a77db4fec02579900884b36954,0,0,0.9412957,0.9412957,0.058704305
f365164b4d37beaaf8c7b5630426c0bdb095f545a1d1460a39423953edd75ce3,1,1,0.7728658,0.22713418,0.7728658
f3f94d8bd242122b4dade2a7fb42ad81c6d4abecee705664368b899b60719819,0,1,0.90261084,0.90261084,0.09738912
f4a2b863613c7f5e6ca35ec5bbd575c8f546e801f1b32eef29882452fe805c84,0,0,0.94637144,0.94637144,0.05362858
f4ab6beef8f3a02f22fd073cc3f8e3e2d8144bbf7d1e00407754ea61fd371d52,0,1,0.84022224,0.84022224,0.15977782
f4f4f58a03841eca5faeb3ba25dc2b86756ebd4efe1c461063e796b1ec265e83,0,1,0.93787843,0.93787843,0.062121585
f52c4b95fd4d41868f1430127955f8e79aea5ab8eafd498532c2fa3bc29a7c99,1,1,0.60887367,0.39112633,0.60887367
f56b438622ad18882aa0a5d331634cd40cdaaf9cc240f4555a7d8c8239f3b677,0,0,0.9399324,0.9399324,0.060067646
f5b9093b929da9f30fe0aed3e147f842e1f903593a4fd6cd064ddc2506ae1890,0,0,0.9404543,0.9404543,0.059545718
f667af45294cc9b2c2f35061add8fb4489abe74ab3caff0c66cecbe1f3a1c99d,0,0,0.9473132,0.9473132,0.052686762
f6fc4a2b1c3c73cb420235fed3c6cd198e230b9fa0341ff0d832e09594f9d878,0,0,0.94387436,0.94387436,0.05612563
f74d993ef96c52f6cb4da8d153c7fb932dcb1f6c3adba00e1a7077c50ee812e7,0,0,0.93537784,0.93537784,0.06462216
f90ff55eaa69739db5e741ab10e657515a0016d2b5c9b806999b004ab37171e0,0,0,0.94161606,0.94161606,0.058383904
fa45f407a3590181404c300e868e09ee9098df7e8bee32a36154a668982321e5,0,0,0.9359801,0.9359801,0.064019956
fa681429c3111b779dceffa27a703153d620c3cc61250c89fa4826d94c01ba1c,0,0,0.9403315,0.9403315,0.05966854
fbbcffe8e5754a59408831bd83d35b0215bd1cc25c11e3168bcf698b460f163f,0,0,0.91039836,0.91039836,0.08960162
fc1ee169d433d571da66aa0d7edf61865100cd8b3c02c50f7e5f6a3702c23bc8,0,1,0.71458465,0.71458465,0.2854153
fc2839d83548c20183b1e9c1d982a3b5f890fa80b8a8a5398730a307e9fe82db,0,0,0.94542944,0.94542944,0.054570634
fc382809bba59542a416937df343fb41a1c79c28a3c2a9c0f23466aa76ca538b,0,0,0.9378839,0.9378839,0.062116127
fe10af9b6213a48e335df6b1f3f5b9ad1edbd671b942e1294a5e4d22c09f4884,0,0,0.9349642,0.9349642,0.065035775
fe3b77af5cf5dc3a411d0f80c63c1091148ef1045f4eaedd24a431721b3a6e1b,1,1,0.80787116,0.19212878,0.80787116
fe768dfda4431b277c6e466c355e2f951b52da19ec3d910e34c68caf4c01507c,0,0,0.9428431,0.9428431,0.057156906
ff049f23475427a538e34c059a808cc5dd73dbf865e53de328fac9b2f60bc42d,0,1,0.9457817,0.9457817,0.05421834
ff3e06a4ae48042dc09c5b762eb495ed8dc19dabdebab1d7e9e2d92030f40864,0,0,0.9442186,0.9442186,0.05578144
